id,name,description,manufacturer,price
10011646,Linksys EtherFast EZXS88W Ethernet Switch - EZXS88W,Linksys EtherFast 8-Port 10/100 Switch (New/Workgroup),LINKSYS,
10140760,Linksys EtherFast EZXS55W Ethernet Switch,5 x 10/100Base-TX LAN,LINKSYS,
10221960,Netgear ProSafe FS105 Ethernet Switch - FS105NA,NETGEAR FS105 Prosafe 5 Port 10/100 Desktop Switch,Netgear,
10246269,Belkin Pro Series High Integrity VGA/SVGA Monitor Extension Cable - F3H982-10,1 x HD-15 - 1 x HD-15 - 10ft - Beige,Belkin,
10315184,Netgear ProSafe JFS516 Ethernet Switch,Netgear ProSafe 16 Port 10/100 Rackmount Switch- JFS516NA,Netgear,
10316920,LaCie Pocket Floppy Disk Drive - 706018,LaCie Pocket USB Floppy 1.44 MB,LACIE,
10326220,Canon KP 36IP Print Cartridge / Paper Kit - 7737A001,36 Page 4' x 6',Canon,$9.99
10333368,Kensington Orbit Optical Trackball - USB w/PS2 Adapter - 64327,"Optical - USB, PS/2",Kensington,
10333846,Linksys EtherFast EF4116 Ethernet Switch,16 x 10/100Base-TX LAN,LINKSYS,
10333848,Linksys EtherFast EF4124 Ethernet Switch,24 x 10/100Base-TX LAN,LINKSYS,$64.99
10343605,Linksys Instant Gigabit EG005W Ethernet Switch,Linksys EG005W Gigabit 5-Port Workgroup Switch,LINKSYS,
10346525,Linksys G Wireless-G WET54G Wireless Bridge,54Mbps - 1 x 10/100Base-TX,LINKSYS,
10351869,Tripp Lite PowerVerter 375-Watt Ultra-Compact Inverter - PV375,Input Voltage:12V DC - Output Voltage:120V AC - 375W Pulse-width Modulated Sine Wave,Tripp Lite,
10353206,Netgear ProSafe GS105 Ethernet Switch - GS105NA,NETGEAR ProSafe 5 Port Gigabit Desktop Switch,Netgear,
10360978,Belkin Monitor Cable - F3H982-25,1 x HD-15 - 1 x HD-15 - 25ft - Black,Belkin,$15.98
10363070,Logitech Driving Force Pro for PlayStation 2 - 963293-0403,,Logitech,
10363243,Belkin AC Anywhere 300W Power Inverter - F5C400-300W,Input Voltage:12V DC - Output Voltage:110V AC - 300W Stepped Sine Wave,Belkin,
10365096,Linksys Wireless-G Range Expander Wireless Bridge - WRE54G,54Mbps,LINKSYS,
10373002,Sony VAIO Notebook and AC Adapter Case - VGPAMC2,VAIO NEOPRENE NOTEBOOK & AC ADAPTER CASE UP TO 17 IN LCD,Sony,
10376165,D-Link Express EtherNetwork High-Speed DOCSIS 2.0 Cable Modem - DCM-202,D-Link Broadband Cable Modem,D-Link,
10377226,Sony Notebook and AC Adapter Cases - VGPAMC3,Clam Shell - Neoprene,Sony,$12.99
10379358,Panasonic Black Toner Cartridge - KX-FA83,"Panasonic Toner Cartridge for the KX-FL511, KX-FL541, KX-FL611 and KX-FLM651 Series",Panasonic,
10380060,Logitech Z-2300 Multimedia Speaker System - 970118-0403,2.1-channel,Logitech,
10382243,Sony High Definition Mini DV Cassette - DSL-190-B,Sony DVM-63 HD High-Definition miniDV Videocassette,Sony,
10388980,Netgear ProSafe WG102 Wireless Access Point 802.11g - WG102NA,NETGEAR Prosafe 802.11g Wireless Access Point,Netgear,
10412590,Netgear RangeMax WPN802 Wireless Access Point - WPN802NA,108Mbps,Netgear,
10412788,Netgear ProSafe FS726TP 24 Port 10/100 Smart Switch - FS726TPNA,"24 x 10/100Base-TX LAN, 2 x 10/100/1000Base-T",Netgear,
50009858,PlayStation 2 Memory Card 8MB,,Sony Computer Electronic,
50012447,SONY 7-11719-70670-0 PS2 8 MB Memory Card 2-pk - 97067,,Sony,
50012453,PlayStation 2 DUALSHOCK Analog Controller - Green,,Sony Computer Electronic,
50017228,PlayStation 2 DVD Remote - 97076,,Sony Computer Electronic,
90049752,Sennheiser Nickel metal hydride Battery for Headsets - BA-151,Nickel-Metal Hydride (NiMH) - 2.4V DC - Headset Battery,Sennheiser,$14.34
90049795,Sony MiniDV Head Cleaner - DVM12CLD,Head Cleaner,Sony,$7.95
90049928,Sony SB-V40S A/V Selector - SBV40S,"VCR, Camcorder, AV Receiver, Video Game Console, TV, Laser Disc Player, DVD Player Compatible - 4 x S-Video In, 4 x Composite Video In, 4 x Stereo Audio Line In, 1 x S-Video Out, 1 x Composite Video Out, 1 x Stereo A",Sony,
90104307,Panasonic KX-TS108W Corded Phone,1 x Phone Line(s) - White,Panasonic,
90105056,Panasonic KX-TS208W Corded Phone,2 x Phone Line(s) - Headset - White,Panasonic,
90105156,Garmin Canvas Deluxe Carry Case - 010-10231-01,Top Loading - Handle - Nylon - Black,Garmin,$17.45
90105458,Sony h.ear Stereo Earphones - MDRJ10/BLUE,- Blue,Sony,$12.38
90105654,BELKIN PRO SERIES USB DEVICE CABLE 16 - F3U133-16,,Belkin,$12.21
90106172,OmniMount Universal Wall Speaker Mounting Kit - 20.0 WALL-B,Stainless Steel - 20 lb,"OMNIMOUNT SYSTEMS, INC",$24.34
90106210,OmniMount Stainless Steel Speaker Mount - 20.0 WALL-W,Stainless Steel - 20 lb,"OMNIMOUNT SYSTEMS, INC",
90108521,Sanus Euro Foundation Series III Speaker Stand - EFSATSIII,Steel - Silver,Sanus,
90109367,Peerless Adjustable TV Wall Mount - PM1327,,Peerless,
90111702,Sanus Euro Foundation Series III Speaker Stand - EFSATBKIII,Steel - Black,Sanus,
90114398,Panasonic KX-TCA86 Headset,Over-the-head,Panasonic,$11.03
90114631,Sony VCT-R640 Tripod - VCTR640,Floor Standing Tripod - 21.62' to 56.75' Height - 6.61 lb Load Capacity - Black,Sony,
90120953,Sanus Flat Panel TV Wall Mount - VMF,Steel - 50 lb,Sanus,
90125772,Sanus Speaker Mount - WMS3B BLACK,Plastic - 8 lb,Sanus,
90125786,Sanus Wall/Ceiling Speaker Mount - WMS3S SILVER,Plastic - 8 lb,Sanus,
90128026,Sony Mini DVD-R Media - 3DMR30L1H,1.4GB - 3 Pack,Sony,$6.99
90128649,Panasonic KX-TS3282B Corded Phone,2 x Phone Line(s) - Headset - Black,Panasonic,
90131741,Sennheiser RS 120 Wireless Hi-fi Headphone - RS120,,Sennheiser,
90131941,Sanus Flat Panel TV Wall Mount - VMPL50-B,Steel - 130 lb,Sanus,
90132241,Sony PS-LX350H Belt-Drive Turntable,,Sony,
90136420,Sony STR-DE197 - AV Receiver - 100 Watts per Channel,,Sony,$122.43
90137168,Sanus Television Turntable - TV/LCDS,150 lb,Sanus,
90138520,Panasonic KX-TCA92 Headset,Over-the-head,Panasonic,$18.42
90138537,Panasonic KX-TSC14B Corded Telephone,2 x Phone Line(s) - Headset - Black,Panasonic,
90138609,Sony CDP-CX355 300 Disc MegaStorage CD Changer,,Sony,$169.13
90139261,Sanus Flat Panel TV Wall Mount - VM1B,Aluminum - 50 lb,Sanus,$69.99
90139585,Canon NB-2LH Battery Pack - 9612A001,Lithium Ion (Li-Ion) - Photo Battery,Canon,
90139860,Olympus B-90SU AA/AAA Size Battery Charger - 200899,,Olympus,
90140166,Sony CDX-565MXRF 10-Disc CD/MP3 Changer,,Sony,$134.12
90140203,OmniMount TV Top Shelf Mount,OmniMount CCH1B Set-Top Center-Channel Shelf,"OMNIMOUNT SYSTEMS, INC",$21.49
90140498,Canon NB-4L Rechargeable Camera Battery - 9763A001,Canon NB-4L Lithium Ion Battery,Canon,$36.89
90141074,Panasonic 3x DVD-RAM Media,Panasonic LM-AF120LU5 Rewritable DVD-RAM Disc without Cartridge,Panasonic,
90141687,Canon CB-2LV Battery Charger - 9764A001,for NB-4L,Canon,
90142591,Canon EF-S 17-85MM f/4-5.6 IS USM Standard Zoom Lens,Canon 9517A002 EF-S 17-85mm f4-5.6 IS USM Standard Zoom Lens with Optical Image Stabilizer,Canon,$515.00
90144996,Sennheiser RS 140 Wireless RF Headphone - RS-140,"- Black, Silver",Sennheiser,$144.97
90144998,Sennheiser RS 130 Wireless Headphone - RS130,,Sennheiser,$144.95
90145444,Sony Fontopia Earbuds - MDREX81LPB,Sony MDR-EX81LP/B Stereo Earphones - Black,Sony,$34.88
90145560,Sanus VisionMount Flat Panel TV Wall Mount - VMPL3B,Steel - 280 lb,Sanus,$144.05
90145561,Sanus Flat Panel TV Wall Mount - VM400S,"Steel, Aluminum - 80 lb",Sanus,
90145568,Sanus Under Cabinet LCD TV Mount - VMUC1S,15 lb,Sanus,
90145584,Sanus Flat Panel TV Wall Mount - VM400B,"Steel, Aluminum - 80 lb",Sanus,
90145586,Sanus Universal Projector Ceiling Mount - VMPR1B,50 lb,Sanus,
90145909,Weber 848001 Performer 22.5' Charcoal Grill in Dark Blue,,Weber,
90145972,Weber 841001 Performer 22.5' Charcoal Grill in Black,,Weber,
90146847,Plantronics Voyager 510 Bluetooth Earset,Plantronics Voyager510 Bluetooth Headset,Plantronics Bluetooth,
90148258,OmniMount TV Top Shelf Mount - CCH1P,Steel - 30 lb,"OMNIMOUNT SYSTEMS, INC",
90148541,Sony LCS Soft Carrying Case - LCSCST,Sony LCS-CST Soft Carrying Case for Ultra-Compact Digital Cameras,Sony,$9.95
200924629,Linksys WRV54G Wireless-G VPN Broadband Router,,,
201647442,Kingdom Hearts II,,"SQUARE ENIX, LLC",$19.99
201692648,Canon CLI-8M Ink Cartridge - 0622B002,Magenta,Canon,$10.35
201692660,"Canon Ink Cartridge For PIXMA iP1600, iP6210D and iP6220D Printers - 0617B002",Color,Canon,$19.11
201692665,"Canon Ink Cartridge For PIXMA iP4200, iP5200, iP5200R and iP6600D Printers - 0620B002",Black,Canon,$13.99
201692677,Canon CLI-8C Ink Cartridge - 0621B002,Cyan,Canon,$13.99
201692679,Canon CLI-8Y Ink Cartridge - 0623B002,Yellow,Canon,$13.99
201692695,Canon Black Ink Cartridge - 0615B002,Black,Canon,
201692705,Canon PGI-5BK Black Ink Cartridge - 0628B002,Canon PGI-5 Pigment Black Ink Cartridge for Canon ContrastPLUS Photo Printers,Canon,$14.99
201699873,Peerless Universal Flat Wall Mount - SF640P,Peerless Flat Wall Mount for 23'- 46' LCD Screens - Black,Peerless,
201700823,Netgear ProSafe FS116P Ethernet Switch - FS116PNA,16 x 10/100Base-TX LAN,Netgear,
201701865,Peerless Universal Tilt Wall Mount,Peerless Smart Mount ST660P Universal Tilt Wall Mount for 37' to 60' Screens (Black) up to 200lbs,Peerless,
201744288,Netgear ProSafe JGS524F 24-Port Gigabit Ethernet Switch - JGS524FNA,Netgear ProSafe JGS544F - 24 Port Gigabit Rackmount Switch with 2 Gigabit Slots,Netgear,
201854347,Tripp Lite Video Cable - P502-025,1 x HD-15 - 1 x HD-15 - 25ft - Black,Tripp Lite,
201935116,Logitech diNovo Media Desktop Laser - 967562-0403,Keyboard - Wireless - Mouse - Laser - Type A - USB - Receiver,Logitech,
201935171,Logitech Cordless Desktop MX 5000 Laser - 967562-0403,Keyboard - Wireless - 104 Keys - Mouse - Laser - Type A - USB - Receiver,Logitech,
201953021,Canon CLI-8PC Photo Cyan Ink Cartridge - 0624B002,Photo Cyan,Canon,$13.99
201953025,Canon CLI-8PM Photo Magenta Ink Cartridge - 0625B002,Photo Magenta,Canon,$13.99
201953026,"Canon CL-51 High Capacity Color Ink Cartridge For PIXMA MP450, PIXMA iP6210D and PIXMA iP6220D Printers - 0618B002",Color,Canon,
201953029,Canon PG-50 High Capacity Black Ink Cartridge For PIXMA MP450 Printer - 0616B002,Black,Canon,
201953039,Canon CL-52 Photo Ink Cartridge For PIXMA iP6210D and PIXMA iP6220D Printers - 0619B002,Color,Canon,$18.16
201959840,"DeLonghi DC50B Twenty Four Seven Drip Coffee Maker, Black",,DeLonghi,$22.95
201965217,Panasonic DVD-RAM Media - LM-AF30U3,1.4GB - 3 Pack,Panasonic,$6.22
202003159,Belkin Hi-Speed USB 2.0 7-Port Hub - F5U237-APL-S,USB 2.0 7-PORT HUB/APPLE #TB857LL/A,Belkin,
202026554,Canon EF 70-300mm f/4-5.6 IS USM Telephoto Zoom Lens - 0345B002,f/4 to 5.6,Canon,$549.00
202041195,Universal Aeros IR/RF Remote Control - MX850,"TV, DVD Player, Audio Receivers, Cable Box, Satellite Receiver, PVR (Personal Video Recorder) - 100 ft - Universal Remote","UNIVERSAL REMOTE CONTROL, INC",$256.99
202041204,Universal MX-350 Osiris Remote Control - MX350,"TV, VCR, DVD Player, CD Player, Cable Box, Satellite Receiver, DVR, Audio Receivers - 100 ft - Universal Remote","UNIVERSAL REMOTE CONTROL, INC",$93.90
202045862,Panasonic NN-H965BF Microwave Oven - Counter Top - 2.2ft - 1250W - Black,,Panasonic,
202045875,Panasonic NN-H965WF Luxury Full-Size 2-1/5-Cubic-Foot 1250-Watt Microwave Oven- White,,Panasonic,
202046565,Linksys Wireless-G WRT54GL Broadband Router,Linksys WRT54GL Wireless-G Broadband Router,LINKSYS,
202049393,Audiovox XM6 Outdoor Home Antenna - XM-6,,Terk Technologies,
202067544,Nikon Speedlight SB-600 AF Flash Light - 4802,"i-TTL, TTL, D-TTL, Manual - 65.6ft Range",Nikon,$189.72
202070149,Sony Memory Stick Duo Replacement Adapter - MSACM2,Memory Stick Adapter - Memory Stick Duo,Sony,$19.48
202070807,Kensington MicroSaver Notebook Lock - 64068F,Steel - 6ft,Kensington,
202104453,Linksys Wireless-G WUSB54GC Compact USB Adapter,,LINKSYS,
202106724,Sirius Outdoor Home Antenna - 14240,42 dBi - SMB,Sirius,
202125720,Sony Ribbon and Paper with Snap-Off Edges For DPP-FP50 Digital Photo Printer - SVMF120P,"Ribbon, Sheet",Sony,
202139744,Audiovox XMH10 Home Docking Kit,XM Satellite Radio Receiver,Audiovox,
202139765,Audiovox XMFM1 Switch Box,XM Satellite Radio,Xm,$15.49
